-- phpMyAdmin SQL Dump
-- version 5.2.0
-- https://www.phpmyadmin.net/
--
-- Host: localhost
-- Generation Time: Apr 02, 2023 at 05:21 PM
-- Server version: 10.4.21-MariaDB
-- PHP Version: 8.1.6

SET SQL_MODE = "NO_AUTO_VALUE_ON_ZERO";
START TRANSACTION;
SET time_zone = "+00:00";


/*!40101 SET @OLD_CHARACTER_SET_CLIENT=@@CHARACTER_SET_CLIENT */;
/*!40101 SET @OLD_CHARACTER_SET_RESULTS=@@CHARACTER_SET_RESULTS */;
/*!40101 SET @OLD_COLLATION_CONNECTION=@@COLLATION_CONNECTION */;
/*!40101 SET NAMES utf8mb4 */;

--
-- Database: `mystore`
--

-- --------------------------------------------------------

--
-- Table structure for table `brands`
--

CREATE TABLE `brands` (
  `brand_id` int(11) NOT NULL,
  `brand_title` varchar(100) NOT NULL
) ENGINE=InnoDB DEFAULT CHARSET=utf8mb4;

--
-- Dumping data for table `brands`
--

INSERT INTO `brands` (`brand_id`, `brand_title`) VALUES
(1, 'Medeber'),
(2, 'Amazon'),
(4, 'Asmara Flower shop'),
(5, 'Eritrean Best Arts');

-- --------------------------------------------------------

--
-- Table structure for table `cart_details`
--

CREATE TABLE `cart_details` (
  `product_id` int(11) NOT NULL,
  `ip_address` varchar(255) NOT NULL,
  `quantity` int(100) NOT NULL
) ENGINE=InnoDB DEFAULT CHARSET=utf8mb4;

-- --------------------------------------------------------

--
-- Table structure for table `categories`
--

CREATE TABLE `categories` (
  `category_id` int(11) NOT NULL,
  `category_title` varchar(100) NOT NULL
) ENGINE=InnoDB DEFAULT CHARSET=utf8mb4;

--
-- Dumping data for table `categories`
--

INSERT INTO `categories` (`category_id`, `category_title`) VALUES
(1, 'Books'),
(2, 'Clothing'),
(3, 'Arts'),
(4, 'Handmade Gifts'),
(5, 'Birthday Gifts'),
(6, 'Valentine Day gifts'),
(7, '');

-- --------------------------------------------------------

--
-- Table structure for table `orders_pending`
--

CREATE TABLE `orders_pending` (
  `order_id` int(11) NOT NULL,
  `user_id` int(11) NOT NULL,
  `invoice_number` int(255) NOT NULL,
  `product_id` int(11) NOT NULL,
  `quantity` int(255) NOT NULL,
  `order_status` varchar(255) NOT NULL
) ENGINE=InnoDB DEFAULT CHARSET=utf8mb4;

--
-- Dumping data for table `orders_pending`
--

INSERT INTO `orders_pending` (`order_id`, `user_id`, `invoice_number`, `product_id`, `quantity`, `order_status`) VALUES
(1, 1, 1649283242, 2, 1, 'pending'),
(2, 1, 1454528629, 1, 1, 'pending'),
(3, 1, 1714923300, 3, 5, 'pending'),
(4, 1, 1965386790, 3, 1, 'pending'),
(5, 1, 443998462, 3, 1, 'pending'),
(6, 1, 1284218939, 1, 1, 'pending'),
(7, 1, 329855396, 3, 1, 'pending'),
(8, 1, 776939028, 3, 1, 'pending');

-- --------------------------------------------------------

--
-- Table structure for table `products`
--

CREATE TABLE `products` (
  `product_id` int(11) NOT NULL,
  `product_title` varchar(100) NOT NULL,
  `product_description` varchar(255) NOT NULL,
  `product_keywords` varchar(255) NOT NULL,
  `category_id` int(11) NOT NULL,
  `brand_id` int(11) NOT NULL,
  `product_image1` varchar(255) NOT NULL,
  `product_image2` varchar(255) NOT NULL,
  `product_image3` varchar(255) NOT NULL,
  `product_price` varchar(100) NOT NULL,
  `date` timestamp NOT NULL DEFAULT current_timestamp() ON UPDATE current_timestamp(),
  `status` varchar(100) NOT NULL
) ENGINE=InnoDB DEFAULT CHARSET=utf8mb4;

--
-- Dumping data for table `products`
--

INSERT INTO `products` (`product_id`, `product_title`, `product_description`, `product_keywords`, `category_id`, `brand_id`, `product_image1`, `product_image2`, `product_image3`, `product_price`, `date`, `status`) VALUES
(1, 'iugig', 'ohh', 'iugig', 1, 2, 'dress1.png', 'dress7.png', 'green.jpg', '876876', '2023-04-01 14:23:16', 'true');

-- --------------------------------------------------------

--
-- Table structure for table `user_orders`
--

CREATE TABLE `user_orders` (
  `order_id` int(11) NOT NULL,
  `user_id` int(11) NOT NULL,
  `amount_due` int(255) NOT NULL,
  `invoice_number` int(255) NOT NULL,
  `total_products` int(255) NOT NULL,
  `order_date` timestamp NOT NULL DEFAULT current_timestamp() ON UPDATE current_timestamp(),
  `order_status` varchar(255) NOT NULL
) ENGINE=InnoDB DEFAULT CHARSET=utf8mb4;

--
-- Dumping data for table `user_orders`
--

INSERT INTO `user_orders` (`order_id`, `user_id`, `amount_due`, `invoice_number`, `total_products`, `order_date`, `order_status`) VALUES
(1, 1, 325, 1649283242, 2, '2023-03-31 21:03:30', 'complete'),
(2, 1, 200, 1454528629, 1, '2023-03-31 21:03:37', 'complete'),
(3, 1, 1500, 1714923300, 1, '2023-03-31 21:03:39', 'complete'),
(4, 1, 500, 1965386790, 2, '2023-03-31 21:03:42', 'complete'),
(5, 1, 425, 443998462, 2, '2023-03-31 21:03:44', 'complete'),
(6, 1, 200, 1284218939, 1, '2023-03-31 21:03:46', 'complete'),
(7, 1, 500, 329855396, 2, '2023-03-31 21:03:49', 'complete'),
(8, 1, 425, 776939028, 2, '2023-03-31 21:03:52', 'complete');

-- --------------------------------------------------------

--
-- Table structure for table `user_payments`
--

CREATE TABLE `user_payments` (
  `payment_id` int(11) NOT NULL,
  `order_id` int(11) NOT NULL,
  `invoice_number` int(11) NOT NULL,
  `amount` int(11) NOT NULL,
  `payment_mode` varchar(255) NOT NULL,
  `date` timestamp NOT NULL DEFAULT current_timestamp() ON UPDATE current_timestamp()
) ENGINE=InnoDB DEFAULT CHARSET=utf8mb4;

--
-- Dumping data for table `user_payments`
--

INSERT INTO `user_payments` (`payment_id`, `order_id`, `invoice_number`, `amount`, `payment_mode`, `date`) VALUES
(1, 1, 1649283242, 325, 'Select Payment Mode', '2023-03-31 21:03:30'),
(2, 2, 1454528629, 200, 'Select Payment Mode', '2023-03-31 21:03:37'),
(3, 3, 1714923300, 1500, 'Select Payment Mode', '2023-03-31 21:03:39'),
(4, 4, 1965386790, 500, 'Select Payment Mode', '2023-03-31 21:03:42'),
(5, 5, 443998462, 425, 'Select Payment Mode', '2023-03-31 21:03:44'),
(6, 6, 1284218939, 200, 'Select Payment Mode', '2023-03-31 21:03:46'),
(7, 7, 329855396, 500, 'Select Payment Mode', '2023-03-31 21:03:49'),
(8, 8, 776939028, 425, 'Select Payment Mode', '2023-03-31 21:03:52');

-- --------------------------------------------------------

--
-- Table structure for table `user_table`
--

CREATE TABLE `user_table` (
  `user_id` int(11) NOT NULL,
  `username` varchar(100) NOT NULL,
  `user_email` varchar(100) NOT NULL,
  `user_password` varchar(255) NOT NULL,
  `user_image` varchar(255) NOT NULL,
  `user_ip` varchar(100) NOT NULL,
  `user_address` varchar(255) NOT NULL,
  `user_phone` varchar(255) NOT NULL
) ENGINE=InnoDB DEFAULT CHARSET=utf8mb4;

--
-- Dumping data for table `user_table`
--

INSERT INTO `user_table` (`user_id`, `username`, `user_email`, `user_password`, `user_image`, `user_ip`, `user_address`, `user_phone`) VALUES
(1, 'awra', 'milkias0527@gmail.com', '$2y$10$nocRbnj.M5s4y1XUaIfeu.10gG7VEWsmbro16aeBe/M8EZVPbkwui', 'IMG_2261.jpeg', '::1', 'asmara', '12345678');

--
-- Indexes for dumped tables
--

--
-- Indexes for table `brands`
--
ALTER TABLE `brands`
  ADD PRIMARY KEY (`brand_id`);

--
-- Indexes for table `cart_details`
--
ALTER TABLE `cart_details`
  ADD PRIMARY KEY (`product_id`);

--
-- Indexes for table `categories`
--
ALTER TABLE `categories`
  ADD PRIMARY KEY (`category_id`);

--
-- Indexes for table `orders_pending`
--
ALTER TABLE `orders_pending`
  ADD PRIMARY KEY (`order_id`);

--
-- Indexes for table `products`
--
ALTER TABLE `products`
  ADD PRIMARY KEY (`product_id`);

--
-- Indexes for table `user_orders`
--
ALTER TABLE `user_orders`
  ADD PRIMARY KEY (`order_id`);

--
-- Indexes for table `user_payments`
--
ALTER TABLE `user_payments`
  ADD PRIMARY KEY (`payment_id`);

--
-- Indexes for table `user_table`
--
ALTER TABLE `user_table`
  ADD PRIMARY KEY (`user_id`);

--
-- AUTO_INCREMENT for dumped tables
--

--
-- AUTO_INCREMENT for table `brands`
--
ALTER TABLE `brands`
  MODIFY `brand_id` int(11) NOT NULL AUTO_INCREMENT, AUTO_INCREMENT=6;

--
-- AUTO_INCREMENT for table `categories`
--
ALTER TABLE `categories`
  MODIFY `category_id` int(11) NOT NULL AUTO_INCREMENT, AUTO_INCREMENT=8;

--
-- AUTO_INCREMENT for table `orders_pending`
--
ALTER TABLE `orders_pending`
  MODIFY `order_id` int(11) NOT NULL AUTO_INCREMENT, AUTO_INCREMENT=9;

--
-- AUTO_INCREMENT for table `products`
--
ALTER TABLE `products`
  MODIFY `product_id` int(11) NOT NULL AUTO_INCREMENT, AUTO_INCREMENT=2;

--
-- AUTO_INCREMENT for table `user_orders`
--
ALTER TABLE `user_orders`
  MODIFY `order_id` int(11) NOT NULL AUTO_INCREMENT, AUTO_INCREMENT=9;

--
-- AUTO_INCREMENT for table `user_payments`
--
ALTER TABLE `user_payments`
  MODIFY `payment_id` int(11) NOT NULL AUTO_INCREMENT, AUTO_INCREMENT=9;

--
-- AUTO_INCREMENT for table `user_table`
--
ALTER TABLE `user_table`
  MODIFY `user_id` int(11) NOT NULL AUTO_INCREMENT, AUTO_INCREMENT=2;
COMMIT;

/*!40101 SET CHARACTER_SET_CLIENT=@OLD_CHARACTER_SET_CLIENT */;
/*!40101 SET CHARACTER_SET_RESULTS=@OLD_CHARACTER_SET_RESULTS */;
/*!40101 SET COLLATION_CONNECTION=@OLD_COLLATION_CONNECTION */;
